Titel;Seite 
Abend im Lager;438
Abends treten Elche;3
Abend ward;4
Aber am Abend laden wir uns ein;6
Ach wie eilte so geschwinde;8
Ade zur guten Nacht;10
Alle, die mit uns auf Kaperfahrt;12
Allzeit bereit;14
Als wir jüngst;16
Am Ural;18
Am Wald in der Schenke;20
Am Westermanns Lönstief;22
An den Flammen;24
An den sechs vergang'nen Tagen;26
An der Allee;28
And're, die das Land;30
An ihrer Schulter;32
Atom, Atom;326
Auf vielen Straßen;34
Bauernkrieg;400
Bay mayn Rebn;36
Beim Herumtrinken;158
Bei Regen oder Sonnenschein;38
Bella ciao;32
Bin auf meinem Weg;40
Bruder, nun wird es Abend;42
Bündische Vaganten;178
Bunt sind schon die Wälder;44
Burschen, Burschen;46
Chume Geselle;94
Circles;204
Dämmert von fern;48
Dämmerung fällt;50
Dalai Lama;100
Das klein wild Vögelein;128
Die Dämmerung fällt;73
Der Frühling braust;52
Die freie Republik;206
Der Geist ist müd';54
Die Horte;98
Der jrüne Aujust;16
Die Kirschen sind reif;74
Der Karmeliter;352
Die Klampfen erklingen;76
Der kleine Troll;292
Die Lappen hoch;78
Der lang genug mit viel Bedacht;56
Die Mazurka;80
Der Mond ist aufgegangen;58
Die Moorsoldaten;420
Der Nebel dämpft das Morgenlicht;60
Die Prager Studenten;238
Der Papst lebt herrlich;62
Die schwarze Barbara;20
Der Piet;364
Die Straße gleitet fort und fort;82
Der Rabe;24
Digeding dong dong;84
Der Schnitter;124
Di grine kusine;318
Der Tag entgleitet;64
Dornen und Steine;182
Der Tod reit';66
Dort an dem Uferchen;86
Der weggefangene Rekrut;432
Dort drunt' im schönen Ungarland;88
Der Winter dahin;68
Dort unten im Gnadental;90
Der Winter ist gekommen;70
Drei glänzende Kugeln;126
Des Geyers schwarzer Haufen;400
Drei rote Pfiffe;198
Die blauen Dragoner;72
Drei Tropfen Blut;94
Die Brombeeren;144
Drei Zigeuner;96
Du machst Kleinholz;98
Durchs Tor der gold'nen Glocke;100
Edelweißpiraten;280
Eines Morgens ging ich;242
Ein Krampenschlag vor Tag;356
Einst fragt ich nach des Lebens;102
Ein stolzes Schiff;104
Einst warf ich mich ins volle Leben;106
Eiris sazun idisi;108
Endlich trocknet der Landstraße;110
Endlos lang zieht sich die Straße;112
Endlos sind jene Straßen;114
Es, es, es und es;116
Es führt über den Main;118
Es geht ein dunkle Wolk herein;120
Es hockt am Kamin;122
Es ist ein Schnitter;124
Es ist Land in Sicht;226
Es liegen drei glänzende Kugeln;126
Es saß ein klein wild Vögelein;128
Es soll sich der Mensch;130
Es tropft von Helm und Säbel;134
Es war an einem Sommertag;136
Es war ein König in Thule;140
Es wollt ein Bauer früh aufstehn;142
Es wollt ein Mägdlein;144
Fährt ein Schiff;147
Fahren;54
Flandrischer Totentanz;66
Foggy dew;322
Fordre niemand;150
Freifrau von Droste-Fischering;152
Frei wie ein Albatros;406
Freunde, der Tag steht am Rande;154
Freunde, seid in dieser Runde;156
Frisch auf, gut G'sell;158
Frühling dringt in den Norden;160
Gebt ihm jeden Namen;162
Gebt Raum, ihr Völker;164
Geburtstagslied;278
Gehe nicht, oh Gregor;166
Gestern Brüder;168
Geusenglück;284
Gospodar;172
Gregor;166
Griechischer Frühling;106
Gute Nacht, Kameraden;174
Hans Spielmann;176
Hedin raubt;147
Hej, wie vorn der Fetzen fliegt;178
Hester Jonas;90
Heute hier, morgen dort;180
Hier wächst kein Ahorn;182
Hohe Tannen;184
Holt mir Wein aus vollen Krügen;186
Horridoh;188
Ich kenne Europas Zonen;190
Ich komme schon durch manche Land;192
Ihr hübschen jungen Reiter;194
Im düstren Auge;196
Im Kreis ihrer Enkel;198
In das Dorf auf bunten Wagen;202
In days gone by;204
In dem Kerker saßen;206
In die Sonne, die Ferne hinaus;208
In Dublins fair city;210
In Junkers Kneipe;212
Jalava;346
Jeden Abend träumt Jerschenko;214
Jenseits des Tales;216
Jovano;218
Kameraden, wann sehen wir uns wieder;220
Kaperslied;12
Katjuschka;264
Kein schöner Land;222
Kommt Freunde in die Runde;224
La Marmotte;192
Lang war die Reise;226
Laßt uns singen;328
Latscherlied;52
Les filles des forges;84
Leise weht der Wind;228
Lied der Legion;334
Lied gefangener Reiter;320
Mädchen, Männer, Meister;230
Marktfrauen, Kinder;270
Merseburger Zaubersprüche;108
Mich brennt's in meinen Reiseschuh;232
Michel, warum weinest du;234
Molly Malone;210
Miruschka;236
Nach Süden nun sich lenken;238
Nachts auf dem Dorfplatz;240
Near to Banbridge town;242
Nehmt Abschied Brüder;246
Nordwärts;50
Nordwärts, nordwärts;248
Notabene;186
Nun greift in die Saiten;250
Nun lustig, lustig;252
Oh Bootsmann;254
Oh Fischer auf den Wogen;256
Oh König von Preußen;258
Owe;262
Papst und Sultan;62
Qui nos rodunt;384
Raubritter;344
Reiters Abschied;386
Retsina;68
Ringsum blühn;264
Roter Mond überm Silbersee;266
Roter Wein im Becher;268
Sardegna;290
Scharlatane;270
Schilf;272
Schlemmerlied;428
Schließ Aug' und Ohr;274
Schon wird uns oft ums Herz;276
Seht, die Leute;278
Sie saßen oft am Märchensee;280
Singt, Freunde;284
Staat up de Trommele;286
So troll'n wir uns;288
Sommertag;136
Staubiger Straßen weißes Band;290
Steigt so ein kleiner Troll;292
Steuermann ho;294
Stiebt vom Kasbek kalt der Schnee;296
Stille Tage;298
Straßen auf und Straßen ab;300
Sturm bricht los;302
Summt der Regen;304
Taivas an sininen;306
Tanzen die Dohlen;308
Tau vor Tag;310
Tischlied;288
Tod und Mediziner;168
Trinklied vom Abgang;276
Triodimali;42
Trojka;296
Trommellied der Geusen;286
Trumradibum;312
Tsching tsching bum bum;314
Tschiree;22
Tummel dich, gut's Weinlein;158
Turm;320
T'was down the glen;322
Über meiner Heimat Frühling;324
Und als begann der dritte Krieg;326
Und als wir dann;328
Und am Abend ziehen Gaukler;330
Und wir kauern wieder;332
Ungezählte Male;334
Uns jungen Mannen;336
Unter den Toren;338
Viel Schnee;340
Viva la feria;343
Von der Festung dröhnt;344
Von Sonn' und Kessel;346
Wanderer, lobe den Herren;350
Wanderlied der Prager Studenten;238
Wan si dahs;336
War einst ein Karmeliter;352
Warum bleibt die Trommel;312
Warum zögerst du noch;354
Was bin ich nur so jäh erwacht;356
Was gehen euch meine Lumpen;360
Was helfen mir 1000 Dukaten;362
Was kann ich denn dafür;364
Was ließen jene;366
Weberlied;196
Weile an dieser Quelle;368
Welle wogte;372
Wenn alle Brünnlein fließen;374
Wenn der Abend naht;376
Wenn die Bürger schlafen gehen;378
Wenn ich einmal der Herrgott wär;380
Wenn sie reiten zur Schwemme;382
Wenn wir in der Schenke hängen;384
Wer bekümmert sich drum;386
Wie schön blüht uns der Maien;388
Wilde Gesellen;390
Wildgänse;392
Wir drei, wir gehen jetzt;394
Wir kamen einst von Piemont;398
Wir sind des Geyers;400
Wir sind durch Deutschland;402
Wir sind eine kleine verlorene;404
Wir sind Kameraden;406
Wir traben in die Weite;408
Wir wählten den Sommer;410
Wir wollen zu Land ausfahren;412
Wir zahlten mit Dollars;414
Wir zogen in das Feld;416
Wochenendlied;26
Woher soll das Brot;418
Wohin auch das Auge blicket;420
Wollt ihr hören nun mein Lied;422
Wo seid ihr Nächte am Feuer;424
Wo's nur Felsen gibt;426
Wo soll ich mich hinkehren;428
Wo soll ich mich hinwenden;432
Xekinai;434
Ye Jacobites;436
Zelte sah ich, Pferde, Fahnen;438
Ziehen die Straßen dahin;440
Zigeuner;96
Zigeunerwagen;330
Zogen der Ungarn;442
Zogen einst fünf wilde Schwäne;444
Zogen viele Straßen;446
Zu Straßburg auf der Schanz;448
